name,number,CGPA
Deanna Holmes,301073298,2.75984
Sarah Drake,301073591,3.18632
Bill Roberson,301077724,3.22628
Mathew Klein,301078128,2.99968
Ida Benson,301075850,2.853
Paul Vega,301072009,3.67996
Kelly Jacobs,301076338,3.41308
Wayne Harvey,301071109,3.25308
Jose Leonard,301079846,2.9064
Lance Gibbs,301076465,3.17304
